name;school;sex;age;address;famsize;Pstatus;Medu;Fedu;Mjob;Fjob;reason;guardian;traveltime;studytime;failures;schoolsup;famsup;paid;activities;nursery;higher;internet;romantic;famrel;freetime;goout;Dalc;Walc;health;absences;G1;G2
Aarav Shah;MS;M;19;R;GT3;T;1;1;other;services;other;mother;2;1;1;no;no;no;no;yes;yes;no;no;4;3;2;1;3;5;0;6;5
Priya Nair;GP;M;16;U;LE3;T;4;3;health;other;home;father;1;1;0;no;no;yes;yes;yes;yes;yes;no;3;1;3;1;3;5;4;8;10
Rohan Mehta;GP;M;16;R;GT3;T;3;3;services;services;reputation;mother;1;1;0;no;yes;no;yes;yes;yes;yes;no;4;3;2;3;4;5;8;8;9
Ananya Iyer;GP;F;17;U;GT3;A;2;2;at_home;at_home;home;father;1;2;1;no;yes;no;no;yes;yes;yes;yes;3;3;1;1;2;4;0;9;8
Kabir Singh;GP;F;16;U;LE3;T;3;1;other;other;home;father;1;2;0;yes;yes;no;no;yes;yes;no;no;3;3;3;2;3;2;4;7;6
Diya Patel;GP;M;18;U;GT3;T;2;2;other;other;home;mother;2;2;0;no;yes;yes;no;yes;yes;yes;no;3;3;3;5;5;4;0;12;13
Arjun Rao;MS;F;20;U;GT3;T;4;2;health;other;course;other;2;3;2;no;yes;yes;no;no;yes;yes;yes;5;4;3;1;1;3;4;15;14
Isha Gupta;GP;M;18;R;LE3;A;3;4;other;other;reputation;mother;2;2;0;no;yes;yes;yes;yes;yes;yes;no;4;2;5;3;4;1;13;17;17
Vihaan Das;GP;F;18;U;LE3;T;4;3;other;other;home;other;2;2;0;no;yes;yes;no;yes;yes;yes;yes;4;4;5;1;2;2;10;10;8
Meera Pillai;GP;M;16;U;LE3;T;1;1;services;other;course;mother;1;2;1;no;no;no;no;yes;yes;no;yes;4;4;4;1;3;5;0;14;12
Aditya Kumar;GP;F;15;U;GT3;T;4;2;health;services;home;mother;1;3;0;no;yes;yes;yes;yes;yes;yes;yes;3;2;2;1;1;5;2;15;14
Saanvi Reddy;MS;F;17;U;LE3;T;4;4;at_home;at_home;course;mother;1;2;0;no;yes;yes;yes;yes;yes;yes;yes;2;3;4;1;1;1;0;16;15
Ishaan Joshi;GP;F;16;U;GT3;T;4;2;health;services;home;father;1;2;0;no;no;yes;no;yes;yes;yes;yes;4;2;3;1;1;3;0;14;15
Kavya Menon;GP;F;15;U;GT3;T;4;4;services;at_home;course;mother;1;3;0;no;yes;no;yes;yes;yes;yes;yes;4;3;3;1;1;5;0;11;0
Reyansh Bose;GP;M;20;U;GT3;A;3;2;services;other;course;other;1;1;0;no;no;no;yes;yes;yes;no;no;5;5;3;1;1;5;0;17;18
Tara Kapoor;GP;M;16;U;LE3;T;2;1;at_home;other;course;mother;1;1;1;no;no;no;yes;yes;yes;no;yes;4;4;4;3;5;5;6;12;13
Dev Malhotra;GP;M;15;U;GT3;T;2;3;other;other;home;mother;1;3;0;yes;no;yes;no;no;yes;yes;no;5;3;2;1;2;5;4;11;10
Nisha Verma;GP;M;15;U;GT3;T;4;3;teacher;other;home;mother;1;2;0;no;yes;yes;yes;yes;yes;yes;no;4;3;3;2;3;5;6;9;9
Kunal Desai;GP;M;16;R;GT3;T;4;3;services;other;reputation;mother;2;1;0;yes;yes;no;yes;no;yes;yes;no;3;3;3;1;1;4;2;11;15
Riya Sharma;GP;M;16;U;GT3;T;3;1;other;other;reputation;father;2;4;0;no;yes;yes;no;yes;yes;yes;no;4;3;2;1;1;5;0;13;15
Yash Chopra;GP;M;16;U;LE3;T;4;3;teacher;other;course;mother;1;1;0;no;no;no;yes;no;yes;yes;no;5;4;5;1;1;3;0;6;0
Aisha Khan;GP;F;16;U;LE3;T;1;1;at_home;at_home;course;mother;1;1;0;no;no;no;no;yes;yes;yes;no;3;4;4;3;3;1;2;14;14
Siddharth Jain;GP;M;16;R;LE3;T;3;3;teacher;other;home;father;3;1;0;no;yes;yes;yes;yes;yes;yes;no;3;3;4;3;5;3;8;9;9
Pooja Bhat;GP;F;18;R;GT3;T;2;2;at_home;other;course;mother;2;4;0;no;no;no;yes;yes;yes;no;no;4;4;4;1;1;4;0;10;9
Nikhil Agarwal;GP;F;15;R;GT3;T;1;1;at_home;other;home;mother;2;4;1;yes;yes;yes;yes;yes;yes;yes;no;3;1;2;1;1;1;2;7;10
Sneha Kulkarni;GP;M;17;U;GT3;T;1;1;other;other;reputation;father;1;2;0;no;no;yes;no;no;yes;yes;no;4;3;3;1;2;4;2;12;10
Rahul Mishra;MS;M;19;R;GT3;T;1;1;other;other;home;other;3;1;1;no;yes;no;no;yes;yes;yes;no;4;4;4;3;3;5;4;8;8
Tanvi Saxena;GP;F;19;U;GT3;T;0;1;at_home;other;course;other;1;2;3;no;yes;no;no;no;no;no;no;3;4;2;1;1;5;2;7;8
Manav Sethi;GP;F;15;R;GT3;T;3;3;services;services;reputation;other;2;3;2;no;yes;yes;yes;yes;yes;yes;yes;4;2;1;2;3;3;8;10;10
Zoya Ali;GP;F;18;U;GT3;T;2;2;at_home;at_home;other;mother;1;3;0;no;yes;yes;no;yes;yes;yes;no;4;3;3;1;2;2;5;18;18
